date,requests_per_minute
2026-02-13 21:02:38,79
2026-02-13 21:03:38,177
2026-02-13 21:04:38,214
2026-02-13 21:05:38,168
2026-02-13 21:06:38,199
2026-02-13 21:07:38,49
2026-02-13 21:08:38,41
2026-02-13 21:09:38,169
2026-02-13 21:10:38,173
2026-02-13 21:11:38,236
2026-02-13 21:12:38,173
2026-02-13 21:13:38,18
2026-02-13 21:14:38,91
2026-02-13 21:15:38,103
2026-02-13 21:16:38,184
2026-02-13 21:17:38,149
2026-02-13 21:18:38,219
2026-02-13 21:19:38,237
2026-02-13 21:20:38,173
2026-02-13 21:21:38,222
2026-02-13 21:22:38,156
2026-02-13 21:23:38,121
2026-02-13 21:24:38,199
2026-02-13 21:25:38,123
2026-02-13 21:26:38,196
2026-02-13 21:27:38,108
2026-02-13 21:28:38,60
2026-02-13 21:29:38,218
2026-02-13 21:30:38,153
2026-02-13 21:31:38,18
2026-02-13 21:32:38,166
2026-02-13 21:33:38,237
2026-02-13 21:34:38,238
2026-02-13 21:35:38,42
2026-02-13 21:36:38,181
2026-02-13 21:37:38,138
2026-02-13 21:38:38,107
2026-02-13 21:39:38,25
2026-02-13 21:40:38,113
2026-02-13 21:41:38,16
2026-02-13 21:42:38,135
2026-02-13 21:43:38,162
2026-02-13 21:44:38,138
2026-02-13 21:45:38,124
2026-02-13 21:46:38,30
2026-02-13 21:47:38,173
2026-02-13 21:48:38,40
2026-02-13 21:49:38,93
2026-02-13 21:50:38,135
2026-02-13 21:51:38,58
2026-02-13 21:52:38,150
2026-02-13 21:53:38,45
2026-02-13 21:54:38,53
2026-02-13 21:55:38,30
2026-02-13 21:56:38,191
2026-02-13 21:57:38,165
2026-02-13 21:58:38,61
2026-02-13 21:59:38,55
2026-02-13 22:00:38,152
2026-02-13 22:01:38,28
2026-02-13 22:02:38,232
2026-02-13 22:03:38,190
2026-02-13 22:04:38,26
2026-02-13 22:05:38,59
2026-02-13 22:06:38,17
2026-02-13 22:07:38,122
2026-02-13 22:08:38,240
2026-02-13 22:09:38,211
2026-02-13 22:10:38,49
2026-02-13 22:11:38,210
2026-02-13 22:12:38,181
2026-02-13 22:13:38,68
2026-02-13 22:14:38,49
2026-02-13 22:15:38,200
2026-02-13 22:16:38,157
2026-02-13 22:17:38,164
2026-02-13 22:18:38,107
2026-02-13 22:19:38,128
2026-02-13 22:20:38,21
2026-02-13 22:21:38,96
2026-02-13 22:22:38,15
2026-02-13 22:23:38,163
2026-02-13 22:24:38,92
2026-02-13 22:25:38,220
2026-02-13 22:26:38,41
2026-02-13 22:27:38,45
2026-02-13 22:28:38,26
2026-02-13 22:29:38,120
2026-02-13 22:30:38,234
2026-02-13 22:31:38,142
2026-02-13 22:32:38,150
2026-02-13 22:33:38,53
2026-02-13 22:34:38,170
2026-02-13 22:35:38,111
2026-02-13 22:36:38,147
2026-02-13 22:37:38,209
2026-02-13 22:38:38,66
2026-02-13 22:39:38,96
2026-02-13 22:40:38,71
2026-02-13 22:41:38,163
2026-02-13 22:42:38,36
2026-02-13 22:43:38,87
2026-02-13 22:44:38,109
2026-02-13 22:45:38,224
2026-02-13 22:46:38,163
2026-02-13 22:47:38,197
2026-02-13 22:48:38,171
2026-02-13 22:49:38,94
2026-02-13 22:50:38,68
2026-02-13 22:51:38,146
2026-02-13 22:52:38,78
2026-02-13 22:53:38,53
2026-02-13 22:54:38,187
2026-02-13 22:55:38,93
2026-02-13 22:56:38,91
2026-02-13 22:57:38,138
2026-02-13 22:58:38,63
2026-02-13 22:59:38,209
2026-02-13 23:00:38,15
2026-02-13 23:01:38,200
2026-02-13 23:02:38,82
2026-02-13 23:03:38,42
2026-02-13 23:04:38,41
2026-02-13 23:05:38,118
2026-02-13 23:06:38,31
2026-02-13 23:07:38,230
2026-02-13 23:08:38,47
2026-02-13 23:09:38,137
2026-02-13 23:10:38,138
2026-02-13 23:11:38,153
2026-02-13 23:12:38,83
2026-02-13 23:13:38,51
2026-02-13 23:14:38,64
2026-02-13 23:15:38,63
2026-02-13 23:16:38,92
2026-02-13 23:17:38,131
2026-02-13 23:18:38,105
2026-02-13 23:19:38,196
2026-02-13 23:20:38,181
2026-02-13 23:21:38,188
2026-02-13 23:22:38,166
2026-02-13 23:23:38,96
2026-02-13 23:24:38,26
2026-02-13 23:25:38,139
2026-02-13 23:26:38,161
2026-02-13 23:27:38,158
2026-02-13 23:28:38,67
2026-02-13 23:29:38,166
2026-02-13 23:30:38,82
2026-02-13 23:31:38,137
2026-02-13 23:32:38,57
2026-02-13 23:33:38,131
2026-02-13 23:34:38,68
2026-02-13 23:35:38,26
2026-02-13 23:36:38,89
2026-02-13 23:37:38,152
2026-02-13 23:38:38,222
2026-02-13 23:39:38,118
2026-02-13 23:40:38,204
2026-02-13 23:41:38,136
2026-02-13 23:42:38,73
2026-02-13 23:43:38,71
2026-02-13 23:44:38,56
2026-02-13 23:45:38,216
2026-02-13 23:46:38,206
2026-02-13 23:47:38,130
2026-02-13 23:48:38,112
2026-02-13 23:49:38,111
2026-02-13 23:50:38,130
2026-02-13 23:51:38,106
2026-02-13 23:52:38,20
2026-02-13 23:53:38,158
2026-02-13 23:54:38,64
2026-02-13 23:55:38,215
2026-02-13 23:56:38,190
2026-02-13 23:57:38,231
2026-02-13 23:58:38,40
2026-02-13 23:59:38,132
2026-02-14 00:00:38,84
2026-02-14 00:01:38,63
